anchor,positive,negative
core/zzcV9Ccdk2s.mp4,core/5MBA_7vDhII.mp4,distraction/0044/EdMNyoyrPto.mp4
core/zzcV9Ccdk2s.mp4,core/5MBA_7vDhII.mp4,distraction/0060/KM-dBNxCRo4.mp4
core/zzcV9Ccdk2s.mp4,core/5MBA_7vDhII.mp4,distraction/0151/q1Y95Cfjgoo.mp4
core/zzcV9Ccdk2s.mp4,core/5MBA_7vDhII.mp4,distraction/0149/pDTcR37USQo.mp4
core/zzcV9Ccdk2s.mp4,core/5MBA_7vDhII.mp4,distraction/0123/g7UdLQHH4ns.mp4
core/zzcV9Ccdk2s.mp4,core/5MBA_7vDhII.mp4,distraction/0007/1Nd_aEnNTbE.mp4
core/zzcV9Ccdk2s.mp4,core/5MBA_7vDhII.mp4,distraction/0026/871zOgZustI.mp4
core/zzcV9Ccdk2s.mp4,core/5MBA_7vDhII.mp4,distraction/0096/XD4X0_ZVz9E.mp4
core/zzcV9Ccdk2s.mp4,core/5MBA_7vDhII.mp4,distraction/0012/3CyuO7xN4DY.mp4
core/zzcV9Ccdk2s.mp4,core/5MBA_7vDhII.mp4,distraction/0140/mHteSZqWCz4.mp4
core/3ei-VfSpxvA.mp4,core/zzNluWnwryA.mp4,distraction/0083/SYfZmxXDRkU.mp4
core/3ei-VfSpxvA.mp4,core/zzNluWnwryA.mp4,distraction/0138/lOkg3UxQl2w.mp4
core/3ei-VfSpxvA.mp4,core/zzNluWnwryA.mp4,distraction/0025/7mGXxsUx2g8.mp4
core/3ei-VfSpxvA.mp4,core/zzNluWnwryA.mp4,distraction/0132/j5TKPDgUKmA.mp4
core/3ei-VfSpxvA.mp4,core/zzNluWnwryA.mp4,distraction/0109/arQO2pApcFI.mp4
core/3ei-VfSpxvA.mp4,core/zzNluWnwryA.mp4,distraction/0119/eTN2MeNn_9A.mp4
core/3ei-VfSpxvA.mp4,core/zzNluWnwryA.mp4,distraction/0055/IjSMHv6qXF0.mp4
core/3ei-VfSpxvA.mp4,core/zzNluWnwryA.mp4,distraction/0008/1tMRjclYAxA.mp4
core/3ei-VfSpxvA.mp4,core/zzNluWnwryA.mp4,distraction/0074/PWSnwIn8AIk.mp4
core/_l6Et4VdPOA.mp4,core/-10vNSC0iKM.mp4,distraction/0034/B4XHo6hT-fs.mp4
core/_l6Et4VdPOA.mp4,core/-10vNSC0iKM.mp4,distraction/0077/QP2AH6zTMZw.mp4
core/_l6Et4VdPOA.mp4,core/-10vNSC0iKM.mp4,distraction/0104/_GPz1xB8SSE.mp4
core/_l6Et4VdPOA.mp4,core/-10vNSC0iKM.mp4,distraction/0099/YUNoLQFbEW8.mp4
core/_l6Et4VdPOA.mp4,core/-10vNSC0iKM.mp4,distraction/0043/EGsiu7mKmyo.mp4
core/_l6Et4VdPOA.mp4,core/-10vNSC0iKM.mp4,distraction/0032/AKsOe-8-_cw.mp4
core/_l6Et4VdPOA.mp4,core/-10vNSC0iKM.mp4,distraction/0018/58WG2VV4Fxo.mp4
core/_l6Et4VdPOA.mp4,core/-10vNSC0iKM.mp4,distraction/0172/x_1o7yPOtPQ.mp4
core/_l6Et4VdPOA.mp4,core/-10vNSC0iKM.mp4,distraction/0031/9uayAc2CITs.mp4
core/_l6Et4VdPOA.mp4,core/-10vNSC0iKM.mp4,distraction/0063/LJerRjfqKrE.mp4
core/_l6Et4VdPOA.mp4,core/-10vNSC0iKM.mp4,distraction/0008/1ay_d2FWGhg.mp4
core/_l6Et4VdPOA.mp4,core/-10vNSC0iKM.mp4,distraction/0122/fhUIfGbY37I.mp4
core/_l6Et4VdPOA.mp4,core/-10vNSC0iKM.mp4,distraction/0039/CgcnWcjKfNA.mp4
core/_l6Et4VdPOA.mp4,core/-10vNSC0iKM.mp4,distraction/0040/DF1Q3ksRAPI.mp4
core/_l6Et4VdPOA.mp4,core/-10vNSC0iKM.mp4,distraction/0005/0b34HgmyV8M.mp4
core/_l6Et4VdPOA.mp4,core/-10vNSC0iKM.mp4,distraction/0131/izfSYdAfUIk.mp4
core/_l6Et4VdPOA.mp4,core/-10vNSC0iKM.mp4,distraction/0129/iAmGaCmt-3U.mp4
core/_l6Et4VdPOA.mp4,core/-10vNSC0iKM.mp4,distraction/0010/2YhdfGWahbM.mp4
core/_l6Et4VdPOA.mp4,core/-10vNSC0iKM.mp4,distraction/0023/6xnUEb_JTos.mp4
core/_l6Et4VdPOA.mp4,core/-10vNSC0iKM.mp4,distraction/0019/5_4UGhkC1zA.mp4
core/-F1MReluK_Y.mp4,core/--YKaDKPsTI.mp4,distraction/0065/M6A5Qf2Z69Y.mp4
core/-F1MReluK_Y.mp4,core/--YKaDKPsTI.mp4,distraction/0103/Zk0tR7kxkbo.mp4
core/-F1MReluK_Y.mp4,core/--YKaDKPsTI.mp4,distraction/0010/2Y_T4QzIKcQ.mp4
core/-F1MReluK_Y.mp4,core/--YKaDKPsTI.mp4,distraction/0137/lCKEVpJKSqQ.mp4
core/-F1MReluK_Y.mp4,core/--YKaDKPsTI.mp4,distraction/0120/emu1raNJmtw.mp4
core/-F1MReluK_Y.mp4,core/--YKaDKPsTI.mp4,distraction/0033/AnxpqvwuUNA.mp4
core/-F1MReluK_Y.mp4,core/--YKaDKPsTI.mp4,distraction/0111/bZhdhwdYw84.mp4
core/-F1MReluK_Y.mp4,core/--YKaDKPsTI.mp4,distraction/0076/QDwiPrdq8_g.mp4
core/-F1MReluK_Y.mp4,core/--YKaDKPsTI.mp4,distraction/0131/iyVjPdxlZkc.mp4
core/-F1MReluK_Y.mp4,core/--YKaDKPsTI.mp4,distraction/0121/f74xP0SI-OE.mp4
core/7E-FUxOVmoI.mp4,core/--W0UxdTL-c.mp4,distraction/0003/01GayNh8MWA.mp4
core/7E-FUxOVmoI.mp4,core/--W0UxdTL-c.mp4,distraction/0028/8uYhUYmqhxk.mp4
core/7E-FUxOVmoI.mp4,core/--W0UxdTL-c.mp4,distraction/0176/zN4R0fTJ7BE.mp4
core/7E-FUxOVmoI.mp4,core/--W0UxdTL-c.mp4,distraction/0074/PWc9x8i7Nno.mp4
core/7E-FUxOVmoI.mp4,core/--W0UxdTL-c.mp4,distraction/0076/QDMozHCTIsc.mp4
core/7E-FUxOVmoI.mp4,core/--W0UxdTL-c.mp4,distraction/0170/wk1yBeZ3kJ8.mp4
core/7E-FUxOVmoI.mp4,core/--W0UxdTL-c.mp4,distraction/0052/HcIwqux-MhI.mp4
core/7E-FUxOVmoI.mp4,core/--W0UxdTL-c.mp4,distraction/0060/KVI-OKdvYC0.mp4
core/7E-FUxOVmoI.mp4,core/--W0UxdTL-c.mp4,distraction/0006/0pDI0498_7c.mp4
core/7E-FUxOVmoI.mp4,core/--W0UxdTL-c.mp4,distraction/0096/XMUWZIFMQF0.mp4
core/_l6Et4VdPOA.mp4,core/-10vNSC0iKM.mp4,distraction/0120/f-XH0h8jK-0.mp4
core/_l6Et4VdPOA.mp4,core/-10vNSC0iKM.mp4,distraction/0130/iRx4SUAbWEA.mp4
core/_l6Et4VdPOA.mp4,core/-10vNSC0iKM.mp4,distraction/0005/0Rvuw_uJTmQ.mp4
core/_l6Et4VdPOA.mp4,core/-10vNSC0iKM.mp4,distraction/0074/PSsXenHuAUw.mp4
core/_l6Et4VdPOA.mp4,core/-10vNSC0iKM.mp4,distraction/0166/vd_jyTZXQRk.mp4
core/_l6Et4VdPOA.mp4,core/-10vNSC0iKM.mp4,distraction/0011/2hzoz96uZJU.mp4
core/_l6Et4VdPOA.mp4,core/-10vNSC0iKM.mp4,distraction/0174/yQpq3uLm6j0.mp4
core/_l6Et4VdPOA.mp4,core/-10vNSC0iKM.mp4,distraction/0161/taGLdB6kfYo.mp4
core/_l6Et4VdPOA.mp4,core/-10vNSC0iKM.mp4,distraction/0001/-76QCnFEpSo.mp4
core/_l6Et4VdPOA.mp4,core/-10vNSC0iKM.mp4,distraction/0130/iVWl9lSZBfY.mp4
core/_l6Et4VdPOA.mp4,core/-10vNSC0iKM.mp4,distraction/0146/oEFpYVZVV-Q.mp4
core/_l6Et4VdPOA.mp4,core/-10vNSC0iKM.mp4,distraction/0083/Sk7IyHq-mHA.mp4
core/_l6Et4VdPOA.mp4,core/-10vNSC0iKM.mp4,distraction/0135/kAdl7qK44lQ.mp4
core/_l6Et4VdPOA.mp4,core/-10vNSC0iKM.mp4,distraction/0107/aKmDyCIin-o.mp4
core/_l6Et4VdPOA.mp4,core/-10vNSC0iKM.mp4,distraction/0056/J4FuFfHmpLY.mp4
core/_l6Et4VdPOA.mp4,core/-10vNSC0iKM.mp4,distraction/0072/OlRMA4SKoi4.mp4
core/_l6Et4VdPOA.mp4,core/-10vNSC0iKM.mp4,distraction/0146/oJdgBGaCNPM.mp4
core/_l6Et4VdPOA.mp4,core/-10vNSC0iKM.mp4,distraction/0177/zUCbZT_ir48.mp4
core/_l6Et4VdPOA.mp4,core/-10vNSC0iKM.mp4,distraction/0086/TqYRA0IWQjY.mp4
core/_l6Et4VdPOA.mp4,core/-10vNSC0iKM.mp4,distraction/0156/ryK2pjtL0P8.mp4
core/CGbYMEiDY0A.mp4,core/wrC_Uqk3juY.mp4,distraction/0062/L7un5Qii8Fc.mp4
core/CGbYMEiDY0A.mp4,core/wrC_Uqk3juY.mp4,distraction/0093/W3nkmwc-qAQ.mp4
core/CGbYMEiDY0A.mp4,core/wrC_Uqk3juY.mp4,distraction/0004/0F2_R9HEVGg.mp4
core/CGbYMEiDY0A.mp4,core/wrC_Uqk3juY.mp4,distraction/0070/Nou4yKt__fk.mp4
core/CGbYMEiDY0A.mp4,core/wrC_Uqk3juY.mp4,distraction/0082/S42ayPABjj4.mp4
core/wrC_Uqk3juY.mp4,core/SuEd__hT2gY.mp4,distraction/0071/OB8uBPCfxIw.mp4
core/wrC_Uqk3juY.mp4,core/SuEd__hT2gY.mp4,distraction/0042/DjSbXKi_Fjw.mp4
core/wrC_Uqk3juY.mp4,core/SuEd__hT2gY.mp4,distraction/0054/ILtedwD3mLg.mp4
core/wrC_Uqk3juY.mp4,core/SuEd__hT2gY.mp4,distraction/0067/MkM0CYiGQys.mp4
core/wrC_Uqk3juY.mp4,core/SuEd__hT2gY.mp4,distraction/0023/6xnUEb_JTos.mp4
core/SuEd__hT2gY.mp4,core/wrC_Uqk3juY.mp4,distraction/0081/RnFcBMDC708.mp4
core/SuEd__hT2gY.mp4,core/wrC_Uqk3juY.mp4,distraction/0005/0eRrZRK3njc.mp4
core/SuEd__hT2gY.mp4,core/wrC_Uqk3juY.mp4,distraction/0094/Wk_TzcwXbpc.mp4
core/SuEd__hT2gY.mp4,core/wrC_Uqk3juY.mp4,distraction/0010/2MAVfRznCqQ.mp4
core/SuEd__hT2gY.mp4,core/wrC_Uqk3juY.mp4,distraction/0049/GS0YuhIP9Kk.mp4
core/wrC_Uqk3juY.mp4,core/HrqUcdgRVCM.mp4,distraction/0173/xzwUNFzj7ug.mp4
core/wrC_Uqk3juY.mp4,core/HrqUcdgRVCM.mp4,distraction/0041/Da2uMUYVpIo.mp4
core/wrC_Uqk3juY.mp4,core/HrqUcdgRVCM.mp4,distraction/0040/DF1Q3ksRAPI.mp4
core/wrC_Uqk3juY.mp4,core/HrqUcdgRVCM.mp4,distraction/0114/cmhLp0gRWIs.mp4
core/wrC_Uqk3juY.mp4,core/HrqUcdgRVCM.mp4,distraction/0127/hMoXKxfd6hQ.mp4
core/HrqUcdgRVCM.mp4,core/wrC_Uqk3juY.mp4,distraction/0068/N5AjfsRrars.mp4
core/HrqUcdgRVCM.mp4,core/wrC_Uqk3juY.mp4,distraction/0132/j5TKPDgUKmA.mp4
core/HrqUcdgRVCM.mp4,core/wrC_Uqk3juY.mp4,distraction/0173/y3AUyuqTaHc.mp4
core/HrqUcdgRVCM.mp4,core/wrC_Uqk3juY.mp4,distraction/0039/D0NV0tcRm8U.mp4
core/HrqUcdgRVCM.mp4,core/wrC_Uqk3juY.mp4,distraction/0029/9EPnjWdk8Qo.mp4
core/wrC_Uqk3juY.mp4,core/hpLPyStl64c.mp4,distraction/0175/ynvvFv1YOAY.mp4
core/wrC_Uqk3juY.mp4,core/hpLPyStl64c.mp4,distraction/0157/s7t3KBotnMQ.mp4
core/wrC_Uqk3juY.mp4,core/hpLPyStl64c.mp4,distraction/0103/Zm9IC_CgD_k.mp4
core/wrC_Uqk3juY.mp4,core/hpLPyStl64c.mp4,distraction/0042/DvEQUGOOQHM.mp4
core/wrC_Uqk3juY.mp4,core/hpLPyStl64c.mp4,distraction/0013/3KvThgxIeFQ.mp4
core/wrC_Uqk3juY.mp4,core/67BMbz_DcFA.mp4,distraction/0090/VAwUlWGVCwI.mp4
core/wrC_Uqk3juY.mp4,core/67BMbz_DcFA.mp4,distraction/0103/Zr3R5A0kgzM.mp4
core/wrC_Uqk3juY.mp4,core/67BMbz_DcFA.mp4,distraction/0090/V0m6PVdGUqM.mp4
core/wrC_Uqk3juY.mp4,core/67BMbz_DcFA.mp4,distraction/0046/FWE_T7gMRwg.mp4
core/wrC_Uqk3juY.mp4,core/67BMbz_DcFA.mp4,distraction/0062/LCfCbUQP5gw.mp4
core/67BMbz_DcFA.mp4,core/wrC_Uqk3juY.mp4,distraction/0010/2agwb1n2L6Y.mp4
core/67BMbz_DcFA.mp4,core/wrC_Uqk3juY.mp4,distraction/0002/-galoU5zr8k.mp4
core/67BMbz_DcFA.mp4,core/wrC_Uqk3juY.mp4,distraction/0109/anjjC3Z8w88.mp4
core/67BMbz_DcFA.mp4,core/wrC_Uqk3juY.mp4,distraction/0128/hg5KlIYUhwk.mp4
core/67BMbz_DcFA.mp4,core/wrC_Uqk3juY.mp4,distraction/0061/KdnFA-n-PL0.mp4
core/wrC_Uqk3juY.mp4,core/Jh7diIdyGUs.mp4,distraction/0080/RfTFXAk1tNs.mp4
core/wrC_Uqk3juY.mp4,core/Jh7diIdyGUs.mp4,distraction/0033/A_UyVCt6mkY.mp4
core/wrC_Uqk3juY.mp4,core/Jh7diIdyGUs.mp4,distraction/0119/ec2wKNuOs7o.mp4
core/wrC_Uqk3juY.mp4,core/Jh7diIdyGUs.mp4,distraction/0076/Q-DKGQG1mjE.mp4
core/wrC_Uqk3juY.mp4,core/Jh7diIdyGUs.mp4,distraction/0050/GdwqBxGrspk.mp4
core/Jh7diIdyGUs.mp4,core/wrC_Uqk3juY.mp4,distraction/0087/UDTxU4GKJi0.mp4
core/Jh7diIdyGUs.mp4,core/wrC_Uqk3juY.mp4,distraction/0031/9wNnlHCSCG0.mp4
core/Jh7diIdyGUs.mp4,core/wrC_Uqk3juY.mp4,distraction/0110/bHX672PmDI8.mp4
core/Jh7diIdyGUs.mp4,core/wrC_Uqk3juY.mp4,distraction/0019/5qMOZ5WFZkc.mp4
core/Jh7diIdyGUs.mp4,core/wrC_Uqk3juY.mp4,distraction/0069/Nd2UW7CTMcs.mp4
core/wrC_Uqk3juY.mp4,core/5Dn0V6lmtcI.mp4,distraction/0138/lX-aNjYQ1kg.mp4
core/wrC_Uqk3juY.mp4,core/5Dn0V6lmtcI.mp4,distraction/0097/XbYkil_zuXY.mp4
core/wrC_Uqk3juY.mp4,core/5Dn0V6lmtcI.mp4,distraction/0148/p-p2HYg_Ys4.mp4
core/wrC_Uqk3juY.mp4,core/5Dn0V6lmtcI.mp4,distraction/0108/afRGTSkVyLw.mp4
core/wrC_Uqk3juY.mp4,core/5Dn0V6lmtcI.mp4,distraction/0022/6psQRdm8BO0.mp4
core/-2bvWS2TL2g.mp4,core/wrC_Uqk3juY.mp4,distraction/0021/6U75uHww7dI.mp4
core/-2bvWS2TL2g.mp4,core/wrC_Uqk3juY.mp4,distraction/0172/xsrfZY3GJgo.mp4
core/-2bvWS2TL2g.mp4,core/wrC_Uqk3juY.mp4,distraction/0046/FKiQQrjeyX4.mp4
core/-2bvWS2TL2g.mp4,core/wrC_Uqk3juY.mp4,distraction/0013/3P78icK6Lwk.mp4
core/-2bvWS2TL2g.mp4,core/wrC_Uqk3juY.mp4,distraction/0048/G2QWfwn1qD0.mp4
core/wrC_Uqk3juY.mp4,core/DCUVdoT9Xgs.mp4,distraction/0056/Iqhte6MOOHo.mp4
core/wrC_Uqk3juY.mp4,core/DCUVdoT9Xgs.mp4,distraction/0024/7NX2FNMzAUA.mp4
core/wrC_Uqk3juY.mp4,core/DCUVdoT9Xgs.mp4,distraction/0164/uxQRka0UQ5Y.mp4
core/wrC_Uqk3juY.mp4,core/DCUVdoT9Xgs.mp4,distraction/0065/MGRQxMn6mxs.mp4
core/wrC_Uqk3juY.mp4,core/DCUVdoT9Xgs.mp4,distraction/0015/4EOVkURi9n4.mp4
core/DCUVdoT9Xgs.mp4,core/wrC_Uqk3juY.mp4,distraction/0161/tXWdzELrlb0.mp4
core/DCUVdoT9Xgs.mp4,core/wrC_Uqk3juY.mp4,distraction/0096/XMUWZIFMQF0.mp4
core/DCUVdoT9Xgs.mp4,core/wrC_Uqk3juY.mp4,distraction/0050/GfG2A_HSy4k.mp4
core/DCUVdoT9Xgs.mp4,core/wrC_Uqk3juY.mp4,distraction/0129/iCrOFXfw7XQ.mp4
core/DCUVdoT9Xgs.mp4,core/wrC_Uqk3juY.mp4,distraction/0138/lW_IMFMMBU8.mp4
core/QVwK4Oa8yZw.mp4,core/Ql15rKfPtgE.mp4,distraction/0055/IgV37sbf16w.mp4
core/QVwK4Oa8yZw.mp4,core/Ql15rKfPtgE.mp4,distraction/0004/0IxIILtwWAY.mp4
core/Ql15rKfPtgE.mp4,core/H0QFB8vr5BQ.mp4,distraction/0069/NTtN39hdW_g.mp4
core/Ql15rKfPtgE.mp4,core/H0QFB8vr5BQ.mp4,distraction/0091/VT2nfKAcj1k.mp4
core/Ql15rKfPtgE.mp4,core/H0QFB8vr5BQ.mp4,distraction/0117/dinabpQmMFI.mp4
core/Ql15rKfPtgE.mp4,core/H0QFB8vr5BQ.mp4,distraction/0043/ETzUX38RjF4.mp4
core/Ql15rKfPtgE.mp4,core/H0QFB8vr5BQ.mp4,distraction/0162/u1t7X-1SRKE.mp4
core/H0QFB8vr5BQ.mp4,core/Ql15rKfPtgE.mp4,distraction/0127/hHYj2M9UsLI.mp4
core/H0QFB8vr5BQ.mp4,core/Ql15rKfPtgE.mp4,distraction/0054/IKTdbUZg6Sg.mp4
core/H0QFB8vr5BQ.mp4,core/Ql15rKfPtgE.mp4,distraction/0090/V0nd4bSFG-8.mp4
core/H0QFB8vr5BQ.mp4,core/Ql15rKfPtgE.mp4,distraction/0096/XD4X0_ZVz9E.mp4
core/H0QFB8vr5BQ.mp4,core/Ql15rKfPtgE.mp4,distraction/0019/5amm_vc-S10.mp4
core/Ql15rKfPtgE.mp4,core/2XrJW-PwQgQ.mp4,distraction/0101/YunGnNyJI0o.mp4
core/Ql15rKfPtgE.mp4,core/2XrJW-PwQgQ.mp4,distraction/0172/xp4XLrWt58c.mp4
core/Ql15rKfPtgE.mp4,core/2XrJW-PwQgQ.mp4,distraction/0087/TzHfMF_Ll8c.mp4
core/Ql15rKfPtgE.mp4,core/2XrJW-PwQgQ.mp4,distraction/0010/2_cmveJ0a7M.mp4
core/Ql15rKfPtgE.mp4,core/2XrJW-PwQgQ.mp4,distraction/0168/wBiw1Mnc2mo.mp4
core/2XrJW-PwQgQ.mp4,core/Ql15rKfPtgE.mp4,distraction/0015/49_eFukCFQg.mp4
core/2XrJW-PwQgQ.mp4,core/Ql15rKfPtgE.mp4,distraction/0122/fXlu94BfTXE.mp4
core/2XrJW-PwQgQ.mp4,core/Ql15rKfPtgE.mp4,distraction/0143/nCYD9GmoQKc.mp4
core/2XrJW-PwQgQ.mp4,core/Ql15rKfPtgE.mp4,distraction/0138/lKDk5CXCDL4.mp4
core/2XrJW-PwQgQ.mp4,core/Ql15rKfPtgE.mp4,distraction/0081/RnLJV9cdDUo.mp4
core/CNc-H2Jjw2Q.mp4,core/Ql15rKfPtgE.mp4,distraction/0122/fcxpzDE3K3Q.mp4
core/CNc-H2Jjw2Q.mp4,core/Ql15rKfPtgE.mp4,distraction/0066/MZsDp0DsnQI.mp4
core/CNc-H2Jjw2Q.mp4,core/Ql15rKfPtgE.mp4,distraction/0068/NINiHMr7Exc.mp4
core/CNc-H2Jjw2Q.mp4,core/Ql15rKfPtgE.mp4,distraction/0157/s9LKRUUgXSw.mp4
core/CNc-H2Jjw2Q.mp4,core/Ql15rKfPtgE.mp4,distraction/0061/KnuFi03bD7Y.mp4
core/Ql15rKfPtgE.mp4,core/arBqt8ERS6I.mp4,distraction/0114/ccUG3g9AKk0.mp4
core/Ql15rKfPtgE.mp4,core/arBqt8ERS6I.mp4,distraction/0009/1uh7ueNhCNE.mp4
core/Ql15rKfPtgE.mp4,core/arBqt8ERS6I.mp4,distraction/0057/JQ8UvAoMXls.mp4
core/Ql15rKfPtgE.mp4,core/arBqt8ERS6I.mp4,distraction/0035/BK_xL46_Y1Q.mp4
core/Ql15rKfPtgE.mp4,core/arBqt8ERS6I.mp4,distraction/0033/Aenwt4Ck98o.mp4
core/Ql15rKfPtgE.mp4,core/4wzE9DYvjyM.mp4,distraction/0020/68olqrpAnAE.mp4
core/Ql15rKfPtgE.mp4,core/4wzE9DYvjyM.mp4,distraction/0106/_yNHFzGrRyk.mp4
core/Ql15rKfPtgE.mp4,core/4wzE9DYvjyM.mp4,distraction/0031/A-ZoFOSx4YU.mp4
core/Ql15rKfPtgE.mp4,core/4wzE9DYvjyM.mp4,distraction/0087/TvzCgsk1YyQ.mp4
core/Ql15rKfPtgE.mp4,core/4wzE9DYvjyM.mp4,distraction/0070/NzVNPHQ9FTY.mp4
core/Ql15rKfPtgE.mp4,core/8wjXLjmlDeE.mp4,distraction/0112/bxHmUPKTHH8.mp4
core/Ql15rKfPtgE.mp4,core/8wjXLjmlDeE.mp4,distraction/0014/3jo-ngnIqYk.mp4
core/Ql15rKfPtgE.mp4,core/8wjXLjmlDeE.mp4,distraction/0037/CJRM79Xonds.mp4
core/Ql15rKfPtgE.mp4,core/8wjXLjmlDeE.mp4,distraction/0159/t74mW95Rdpc.mp4
core/Ql15rKfPtgE.mp4,core/8wjXLjmlDeE.mp4,distraction/0044/Edjbdja0ml8.mp4
core/8wjXLjmlDeE.mp4,core/Ql15rKfPtgE.mp4,distraction/0076/QD7y_W9jT0g.mp4
core/8wjXLjmlDeE.mp4,core/Ql15rKfPtgE.mp4,distraction/0074/PWc9x8i7Nno.mp4
core/8wjXLjmlDeE.mp4,core/Ql15rKfPtgE.mp4,distraction/0060/KOIs_a_K9DA.mp4
core/8wjXLjmlDeE.mp4,core/Ql15rKfPtgE.mp4,distraction/0135/kFnmUYWmA3s.mp4
core/8wjXLjmlDeE.mp4,core/Ql15rKfPtgE.mp4,distraction/0055/Ik7VN5u9-6w.mp4
core/Ql15rKfPtgE.mp4,core/I39aCIZG4bw.mp4,distraction/0067/MgEOu6mTmRI.mp4
core/Ql15rKfPtgE.mp4,core/I39aCIZG4bw.mp4,distraction/0157/s8jHEyvbuzY.mp4
core/Ql15rKfPtgE.mp4,core/I39aCIZG4bw.mp4,distraction/0121/f3Qvh8tFUAI.mp4
core/Ql15rKfPtgE.mp4,core/I39aCIZG4bw.mp4,distraction/0171/xUkThwehb1o.mp4
core/Ql15rKfPtgE.mp4,core/I39aCIZG4bw.mp4,distraction/0136/kYKMfaUeOQw.mp4
core/I39aCIZG4bw.mp4,core/Ql15rKfPtgE.mp4,distraction/0115/cwW5kONrLCs.mp4
core/I39aCIZG4bw.mp4,core/Ql15rKfPtgE.mp4,distraction/0158/shLfjd7gSco.mp4
core/I39aCIZG4bw.mp4,core/Ql15rKfPtgE.mp4,distraction/0112/c5N7cGGz8jA.mp4
core/I39aCIZG4bw.mp4,core/Ql15rKfPtgE.mp4,distraction/0077/QP2AH6zTMZw.mp4
core/I39aCIZG4bw.mp4,core/Ql15rKfPtgE.mp4,distraction/0150/p_ED_5z-APA.mp4
core/Ql15rKfPtgE.mp4,core/OX8FIEde2fw.mp4,distraction/0014/3u7xXXdhTKk.mp4
core/Ql15rKfPtgE.mp4,core/OX8FIEde2fw.mp4,distraction/0151/qEbmEZwmsts.mp4
core/Ql15rKfPtgE.mp4,core/OX8FIEde2fw.mp4,distraction/0110/bOLXoX8D0J0.mp4
core/Ql15rKfPtgE.mp4,core/OX8FIEde2fw.mp4,distraction/0164/uxhWMhVX5aY.mp4
core/Ql15rKfPtgE.mp4,core/OX8FIEde2fw.mp4,distraction/0110/bM2IFoLu1Rw.mp4
core/OX8FIEde2fw.mp4,core/Ql15rKfPtgE.mp4,distraction/0063/LUQRoQ5IgU0.mp4
core/OX8FIEde2fw.mp4,core/Ql15rKfPtgE.mp4,distraction/0006/14kZm8Ca16w.mp4
core/OX8FIEde2fw.mp4,core/Ql15rKfPtgE.mp4,distraction/0085/TUPmp5JxMU0.mp4
core/OX8FIEde2fw.mp4,core/Ql15rKfPtgE.mp4,distraction/0013/3amM0iDV6Gk.mp4
core/OX8FIEde2fw.mp4,core/Ql15rKfPtgE.mp4,distraction/0026/8BThwO3Bu-A.mp4
core/fRSqexCYdug.mp4,core/Ql15rKfPtgE.mp4,distraction/0047/Ff_5nkdwasI.mp4
core/fRSqexCYdug.mp4,core/Ql15rKfPtgE.mp4,distraction/0084/T-T1jCnILsY.mp4
core/fRSqexCYdug.mp4,core/Ql15rKfPtgE.mp4,distraction/0102/ZRloSb8SI3Q.mp4
core/fRSqexCYdug.mp4,core/Ql15rKfPtgE.mp4,distraction/0077/QZOLdQeTN5I.mp4
core/Ql15rKfPtgE.mp4,core/AQnF4T5v2FA.mp4,distraction/0021/6ZEEQ1YVmLU.mp4
core/Ql15rKfPtgE.mp4,core/AQnF4T5v2FA.mp4,distraction/0052/HTWQVAqf-P8.mp4
core/Ql15rKfPtgE.mp4,core/AQnF4T5v2FA.mp4,distraction/0077/QZaxOgRgCzc.mp4
core/Ql15rKfPtgE.mp4,core/AQnF4T5v2FA.mp4,distraction/0072/Om2cTn8dC0Q.mp4
core/Ql15rKfPtgE.mp4,core/AQnF4T5v2FA.mp4,distraction/0102/ZN-k1eJrfVY.mp4
core/AQnF4T5v2FA.mp4,core/Ql15rKfPtgE.mp4,distraction/0170/wnrajD0at0U.mp4
core/AQnF4T5v2FA.mp4,core/Ql15rKfPtgE.mp4,distraction/0095/WnLv_4m2eZI.mp4
core/AQnF4T5v2FA.mp4,core/Ql15rKfPtgE.mp4,distraction/0098/Xyj9VuFUVkE.mp4
core/AQnF4T5v2FA.mp4,core/Ql15rKfPtgE.mp4,distraction/0118/eGAVo1u_FJY.mp4
core/AQnF4T5v2FA.mp4,core/Ql15rKfPtgE.mp4,distraction/0053/I-eMdwngack.mp4
core/Ql15rKfPtgE.mp4,core/_MkoqPQ2R9A.mp4,distraction/0081/S0_ANqwuCzA.mp4
core/Ql15rKfPtgE.mp4,core/_MkoqPQ2R9A.mp4,distraction/0101/Z2o2WODtg4c.mp4
core/Ql15rKfPtgE.mp4,core/_MkoqPQ2R9A.mp4,distraction/0015/49xgaaU__9g.mp4
core/Ql15rKfPtgE.mp4,core/_MkoqPQ2R9A.mp4,distraction/0160/tWCm8idm3Zc.mp4
core/Ql15rKfPtgE.mp4,core/_MkoqPQ2R9A.mp4,distraction/0037/Bz7ps2XlCRk.mp4
core/_MkoqPQ2R9A.mp4,core/Ql15rKfPtgE.mp4,distraction/0065/M5E24eiYkVA.mp4
core/_MkoqPQ2R9A.mp4,core/Ql15rKfPtgE.mp4,distraction/0120/eqEZMdztTXQ.mp4
core/_MkoqPQ2R9A.mp4,core/Ql15rKfPtgE.mp4,distraction/0167/vulstxs7CH4.mp4
core/_MkoqPQ2R9A.mp4,core/Ql15rKfPtgE.mp4,distraction/0129/iFPMHl2w_wQ.mp4
core/_MkoqPQ2R9A.mp4,core/Ql15rKfPtgE.mp4,distraction/0083/SihR09vncH0.mp4
core/Ql15rKfPtgE.mp4,core/Gv5bD4PliGs.mp4,distraction/0168/wMG0xOFAduU.mp4
core/Ql15rKfPtgE.mp4,core/Gv5bD4PliGs.mp4,distraction/0173/yA-jYiS58uA.mp4
core/Ql15rKfPtgE.mp4,core/Gv5bD4PliGs.mp4,distraction/0064/Lrv8HRlA-NQ.mp4
core/Ql15rKfPtgE.mp4,core/Gv5bD4PliGs.mp4,distraction/0161/tmbf96P5o6c.mp4
core/Ql15rKfPtgE.mp4,core/Gv5bD4PliGs.mp4,distraction/0150/ptk3WmhX8es.mp4
core/Gv5bD4PliGs.mp4,core/Ql15rKfPtgE.mp4,distraction/0128/hrjOz3QtjKQ.mp4
core/Gv5bD4PliGs.mp4,core/Ql15rKfPtgE.mp4,distraction/0053/HqDg1TjbW7s.mp4
core/Gv5bD4PliGs.mp4,core/Ql15rKfPtgE.mp4,distraction/0097/XgWk3DuEDdM.mp4
core/Gv5bD4PliGs.mp4,core/Ql15rKfPtgE.mp4,distraction/0063/LMcMUL1ZxeU.mp4
core/Gv5bD4PliGs.mp4,core/Ql15rKfPtgE.mp4,distraction/0053/HzdquiB6yjs.mp4
core/bPXEi-LX5m8.mp4,core/5MBA_7vDhII.mp4,distraction/0123/fqpQe2TdsBI.mp4
core/bPXEi-LX5m8.mp4,core/5MBA_7vDhII.mp4,distraction/0021/6Ubzk2j5Jek.mp4
core/bPXEi-LX5m8.mp4,core/5MBA_7vDhII.mp4,distraction/0044/EnjzIvpV8Bw.mp4
core/bPXEi-LX5m8.mp4,core/5MBA_7vDhII.mp4,distraction/0103/ZhKGrVV2aWg.mp4
core/bPXEi-LX5m8.mp4,core/5MBA_7vDhII.mp4,distraction/0073/Ot99PuNIoxs.mp4

